{"category":"Home","count":333381,"avgPrice":499.83465566423973}
{"category":"Grocery","count":333409,"avgPrice":500.57449280013424}
{"category":"Electronics","count":333066,"avgPrice":500.1094274708316}
{"category":"Clothing","count":333091,"avgPrice":499.7201132723487}
{"category":"Books","count":333685,"avgPrice":499.72877051710464}
{"category":"Toys","count":333368,"avgPrice":500.4976792313597}
